Workbook

Sheet LightSkilltable
C1: 스킬 아이디 | D1: 스킬 이름 | E1: 스킬 이름 영문 | F1: 스킬 키 | G1: 스킬 레어도 | H1: 아이콘 경로 | I1: 속성 식별 코드 | J1: 소모 자원 종류 (HP/MP/Count) | K1: 소모 수치 | L1: 쿨타임 | M1: 즉발/시전/채널링.. | N1: 시전 시간 | O1: 타깃 대상 | P1: 사거리 | Q1: 범위 모양 | R1: 범위 반경/각도/너비 | S1: 타격 횟수 | T1: 발생 주기 | U1: 애니메이션 키 | V1: VFX 프리팹 경로 | W1: SFX 오디오 키 | X1: 적용 효과 | Y1: 고정 기본 수치 | Z1: 계수 기준 스탯 | AA1: 계수 비율 | AB1: 상태이상 테이블 ID | AC1: 지속 시간 | AD1: 경직/넉백 저항 여부 | AE1: 피격 대상 군중 제어 여부 | AF1: 스킬 기본 설명 스트링 키 | AG1: 툴팁 텍스트 키 | AH1: 스킬 설명
A2: data | B2: num | C2: Skill_Id | D2: Skill_Name | E2: Skill_Name_Eng | F2: Skill_Key | G2: Skill_Rarity | H2: Skill_Icon | I2: Element_ID | J2: Cost_Type | K2: Cost_Amount | L2: Cooldawn | M2: Cast_Type | N2: Cast_Time | O2: Target_Type | P2: Range | Q2: Area_Type | R2: Area_Size | S2: Hit_Count | T2: Hit_Delay | U2: Anim_Name | V2: Effect_Prefab | W2: Sound_Cue | X2: Effect_Type | Y2: Base_Value | Z2: Scaling_Stat | AA2: Scaling_Factor | AB2: Status_Effect_ID | AC2: Effect_Duration | AD2: Super_Armor | AE2: Crowd_Control | AF2: Skill_Desc_Key | AG2: Skill_Simple_Desc_Key | AH2: Skill_Explanation
A3: {=IF(C3:INDEX(C:C, 2+COUNT(C3:C1000))<>"", "LskillData", "")} -> LskillData | B3: {=IF(COUNT(C3:C1000)=0, "", _xlfn.SEQUENCE(COUNT(C3:C1000)))} -> 1 | C3: {=IF(COUNTA(D3:D1000)=0, "", _xlfn.SEQUENCE(COUNTA(D3:D1000), 1, 10001, 1))} -> 10001 | D3: 불꽃 탄환 | E3: Flame Bullet | F3: SKILL_FLAME_BULLET | G3: Common | I3: ELEM_FIRE | J3: MP
A4: LskillData | B4: 2 | C4: 10002 | D4: 얼음 탄환 | E4: Ice Bullet | F4: SKILL_ICE_BULLET | G4: Common | I4: ELEM_ICE | J4: MP
A5: LskillData | B5: 3 | C5: 10003 | D5: 바람 화살 | E5: Wind Arrow | F5: SKILL_WIND_ARROW | G5: Common | I5: ELEM_WIND | J5: MP
A6: LskillData | B6: 4 | C6: 10004 | D6: 암석포 | E6: Rock Cannon | F6: SKILL_ROCK_CANNON | G6: Common | I6: ELEM_EARTH | J6: MP
A7: LskillData | B7: 5 | C7: 10005 | D7: 전기 화살 | E7: Lightning Arrow | F7: SKILL_LIGHTNING_ARROW | G7: Common | I7: ELEM_LIGHTNING | J7: MP
A8: LskillData | B8: 6 | C8: 10006 | D8: 불꽃 난사 | E8: Flame Barrage | F8: SKILL_FLAME_BARRAGE | G8: Uncommon | I8: ELEM_FIRE | J8: MP
A9: LskillData | B9: 7 | C9: 10007 | D9: 화염 강타 | E9: Flame Smash | F9: SKILL_FLAME_SMASH | G9: Rare | I9: ELEM_FIRE | J9: MP
A10: LskillData | B10: 8 | C10: 10008 | D10: 화염구 | E10: Fireball | F10: SKILL_FIREBALL | G10: Rare | I10: ELEM_FIRE | J10: MP
A11: LskillData | B11: 9 | C11: 10009 | D11: 화염창 | E11: Flame Spear | F11: SKILL_FLAME_SPEAR | G11: Epic | I11: ELEM_FIRE | J11: MP
A12: LskillData | B12: 10 | C12: 10010 | D12: 플레어 탄환 | E12: Flare Bullet | F12: SKILL_FLARE_BULLET | G12: Legendary | I12: ELEM_FIRE | J12: MP
A13: LskillData | B13: 11 | C13: 10011 | D13: 태양 검 | E13: Solar Blade | F13: SKILL_SOLAR_Blade | G13: Fusion | I13: ELEM_FIRE | J13: MP

Sheet HeavySkilltable
C1: 스킬 아이디 | D1: 스킬 이름 | E1: 스킬 이름 영문 | F1: 스킬 키 | G1: 스킬 레어도 | H1: 아이콘 경로 | I1: 속성 식별 코드 | J1: 소모 자원 종류 (HP/MP/Count) | K1: 소모 수치 | L1: 쿨타임 | M1: 즉발/시전/채널링.. | N1: 시전 시간 | O1: 타깃 대상 | P1: 사거리 | Q1: 범위 모양 | R1: 범위 반경/각도/너비 | S1: 타격 횟수 | T1: 발생 주기 | U1: 애니메이션 키 | V1: VFX 프리팹 경로 | W1: SFX 오디오 키 | X1: 적용 효과 | Y1: 고정 기본 수치 | Z1: 계수 기준 스탯 | AA1: 계수 비율 | AB1: 상태이상 테이블 ID | AC1: 지속 시간 | AD1: 경직/넉백 저항 여부 | AE1: 피격 대상 군중 제어 여부 | AF1: 스킬 기본 설명 스트링 키 | AG1: 툴팁 텍스트 키 | AH1: 스킬 설명
A2: data | B2: num | C2: Skill_Id | D2: Skill_Name | E2: Skill_Name_Eng | F2: Skill_Key | G2: Skill_Rarity | H2: Skill_Icon | I2: Element_ID | J2: Cost_Type | K2: Cost_Amount | L2: Cooldawn | M2: Cast_Type | N2: Cast_Time | O2: Target_Type | P2: Range | Q2: Area_Type | R2: Area_Size | S2: Hit_Count | T2: Hit_Delay | U2: Anim_Name | V2: Effect_Prefab | W2: Sound_Cue | X2: Effect_Type | Y2: Base_Value | Z2: Scaling_Stat | AA2: Scaling_Factor | AB2: Status_Effect_ID | AC2: Effect_Duration | AD2: Super_Armor | AE2: Crowd_Control | AF2: Skill_Desc_Key | AG2: Skill_Simple_Desc_Key | AH2: Skill_Explanation
A3: {=IF(C3:INDEX(C:C, 2+COUNT(C3:C1000))<>"", "HskillData", "")} -> HskillData | B3: {=IF(COUNT(C3:C1000)=0, "", _xlfn.SEQUENCE(COUNT(C3:C1000)))} -> 1 | C3: {=IF(COUNTA(D3:D1000)=0, "", _xlfn.SEQUENCE(COUNTA(D3:D1000), 1, 20001, 1))} -> 20001 | D3: 화염 망치 | E3: Flame Hammer | F3: SKILL_FLAME_HAMMER | G3: Common | I3: ELEM_FIRE
A4: HskillData | B4: 2 | C4: 20002 | D4: 화염 돌진 | E4: Flame Charge | F4: SKILL_FLAME_CHARGE | G4: Uncommon | I4: ELEM_FIRE
A5: HskillData | B5: 3 | C5: 20003 | D5: 대폭발 | E5: Explosion | F5: SKILL_BIG_EXPLOSION | G5: Rare | I5: ELEM_FIRE
A6: HskillData | B6: 4 | C6: 20004 | D6: 화염 폭풍 | E6: Flame Tempest | F6: SKILL_FLAME_TEMPEST | G6: Epic | I6: ELEM_FIRE
A7: HskillData | B7: 5 | C7: 20005 | D7: 운석검 | E7: Meteor Blade | F7: SKILL_METEOR_BLADE | G7: Mythic | I7: ELEM_FIRE

Sheet UtilitySkilltable
C1: 스킬 아이디 | D1: 스킬 이름 | E1: 스킬 이름 영문 | F1: 스킬 키 | G1: 스킬 레어도 | H1: 아이콘 경로 | I1: 속성 식별 코드 | J1: 소모 자원 종류 (HP/MP/Count) | K1: 소모 수치 | L1: 쿨타임 | M1: 즉발/시전/채널링.. | N1: 시전 시간 | O1: 타깃 대상 | P1: 사거리 | Q1: 범위 모양 | R1: 범위 반경/각도/너비 | S1: 타격 횟수 | T1: 발생 주기 | U1: 애니메이션 키 | V1: VFX 프리팹 경로 | W1: SFX 오디오 키 | X1: 적용 효과 | Y1: 고정 기본 수치 | Z1: 계수 기준 스탯 | AA1: 계수 비율 | AB1: 상태이상 테이블 ID | AC1: 지속 시간 | AD1: 경직/넉백 저항 여부 | AE1: 피격 대상 군중 제어 여부 | AF1: 스킬 기본 설명 스트링 키 | AG1: 툴팁 텍스트 키 | AH1: 스킬 설명
A2: data | B2: num | C2: Skill_Id | D2: Skill_Name | E2: Skill_Name_Eng | F2: Skill_Key | G2: Skill_Rarity | H2: Skill_Icon | I2: Element_ID | J2: Cost_Type | K2: Cost_Amount | L2: Cooldawn | M2: Cast_Type | N2: Cast_Time | O2: Target_Type | P2: Range | Q2: Area_Type | R2: Area_Size | S2: Hit_Count | T2: Hit_Delay | U2: Anim_Name | V2: Effect_Prefab | W2: Sound_Cue | X2: Effect_Type | Y2: Base_Value | Z2: Scaling_Stat | AA2: Scaling_Factor | AB2: Status_Effect_ID | AC2: Effect_Duration | AD2: Super_Armor | AE2: Crowd_Control | AF2: Skill_Desc_Key | AG2: Skill_Simple_Desc_Key | AH2: Skill_Explanation
A3: {=IF(C3:INDEX(C:C, 2+COUNT(C3:C1000))<>"", "UskillData", "")} -> UskillData | B3: {=IF(COUNT(C3:C1000)=0, "", _xlfn.SEQUENCE(COUNT(C3:C1000)))} -> 1 | C3: {=IF(COUNTA(D3:D1000)=0, "", _xlfn.SEQUENCE(COUNTA(D3:D1000), 1, 30001, 1))} -> 30001 | D3: 재생 치유 | E3: Regenerative Heal | F3: SKILL_REGENERATIVE_HEAL | I3: ELEM_PHYSICAL | J3: Count
A4: UskillData | B4: 2 | C4: 30002 | D4: 복원 치유 | E4: Restoration Heal | F4: SKILL_RESTORATION_HEAL | I4: ELEM_PHYSICAL | J4: Count
A5: UskillData | B5: 3 | C5: 30003 | D5: 급속 회복 | E5: Rapid Recovery | F5: SKILL_RAPID_RECOVERY | I5: ELEM_PHYSICAL | J5: Count
A6: UskillData | B6: 4 | C6: 30004 | D6: 방어 태세 | E6: Defensive Stance | F6: SKILL_DEFENSIVE_STANCE | I6: ELEM_PHYSICAL | J6: Count
A7: UskillData | B7: 5 | C7: 30005 | D7: 공격 태세 | E7: Offensive Stance | F7: SKILL_OFFENSIVE_STANCE | I7: ELEM_PHYSICAL | J7: Count
A8: UskillData | B8: 6 | C8: 30006 | D8: 바람의 가호 | E8: Blessing of Wind) | F8: SKILL_WIND_BLESSING | I8: ELEM_WIND | J8: Count
A9: UskillData | B9: 7 | C9: 30007 | D9: 수호 기도 | E9: Guardian Prayer | F9: SKILL_GUARDIAN_PRAYER | I9: ELEM_PHYSICAL | J9: Count
A10: UskillData | B10: 8 | C10: 30008 | D10: 축복 | E10: Blessing | F10: SKILL_BLESSING | I10: ELEM_ENERGY | J10: Count
A11: UskillData | B11: 9 | C11: 30009 | D11: 물의 방패 | E11: Water Shield | F11: SKILL_WATER_SHIELD | I11: ELEM_WATER | J11: Count
A12: UskillData | B12: 10 | C12: 30010 | D12: 불타는 갑주 | E12: Burning Armor | F12: SKILL_BURNING_ARMOR | I12: ELEM_FIRE | J12: Count

Sheet FusionSkilltable
C1: 스킬 아이디 | D1: 스킬 이름 | E1: 재료 스킬 A 아이디 | F1: 재료 스킬 A 이름 | G1: 재료 스킬 B 아이디 | H1: 재료 스킬 B 이름
A2: data | B2: num | C2: Skill_Id | D2: Skill_Name | E2: Material_SkillA_id | F2: Material_SkillA | G2: Material_SkillB_id | H2: Material_SkillB
A3: =IF(C3="","", "SskillData") -> SskillData | B3: {=IF(COUNT(C3:C1000)=0, "", _xlfn.SEQUENCE(COUNT(C3:C1000)))} -> 1 | C3: =LightSkilltable!C13 -> 10011 | D3: =IF(C3="","", IFERROR(VLOOKUP(C3, LightSkilltable!$C$3:$D$1000, 2, FALSE), "미등록")) -> 태양 검 | E3: =LightSkilltable!C9 -> 10007 | F3: =IF(E3="","", IFERROR(VLOOKUP(E3, LightSkilltable!$C$3:$D$1000, 2, FALSE), IFERROR(VLOOKUP(E3, HeavySkilltable!$C$3:$D$1000, 2, FALSE), IFERROR(VLOOKUP(E3, UtilitySkilltable!$C$3:$D$1000, 2, FALSE), "미등록")))) -> 화염 강타 | G3: =LightSkilltable!C12 -> 10010 | H3: =IF(G3="","", IFERROR(VLOOKUP(G3, LightSkilltable!$C$3:$D$1000, 2, FALSE), IFERROR(VLOOKUP(G3, HeavySkilltable!$C$3:$D$1000, 2, FALSE), IFERROR(VLOOKUP(G3, UtilitySkilltable!$C$3:$D$1000, 2, FALSE), "미등록")))) -> 플레어 탄환

Sheet Skill_Rarity
C1: 레어도 | D1: 레어도 이름 | E1: 레어도 가중치 | F1: UI 카드/ 아이콘 테두리 리소스 키 | G1: 표시용 컬러 코드
A2: data | B2: num | C2: Skill_Rarity | D2: Rarity_Name | E2: Rarity_Weight | F2: Rarity_Frame_Res | G2: Rarity_Color_Hex
A3: {=IF(C3:C100="","", "RarityData")} -> RarityData | B3: {=IF(COUNTA(C3:C1000)=0, "", _xlfn.SEQUENCE(COUNTA(C3:C1000)))} -> 1 | C3: Common | D3: 일반 | E3: 60
A4: RarityData | B4: 2 | C4: Uncommon | D4: 고급 | E4: 23
A5: RarityData | B5: 3 | C5: Rare | D5: 희귀 | E5: 11
A6: RarityData | B6: 4 | C6: Epic | D6: 영웅 | E6: 4
A7: RarityData | B7: 5 | C7: Legendary | D7: 전설 | E7: 1.7
A8: RarityData | B8: 6 | C8: Mythic | D8: 신화 | E8: 0.3
A9: RarityData | B9: 7 | C9: Fusion | D9: 시너지 | E9: 0

Sheet Element_id
C1: 속성 아이디 | D1: 속성 이름 | E1: 속성 이름 영문 | F1: UI 표시용 속성 뱃지 리소스 | G1: 표시용 컬러 코드
A2: data | B2: num | C2: Element_ID | D2: Element_Name | E2: Element_Name_eng | F2: Element_Icon | G2: Element_Color_Hex
A3: {=IF(C3:C100="","", "ElmentData")} -> ElmentData | B3: {=IF(COUNTA(C3:C1000)=0, "", _xlfn.SEQUENCE(COUNTA(C3:C1000)))} -> 1 | C3: ELEM_FIRE | D3: 불 | E3: Fire
A4: ElmentData | B4: 2 | C4: ELEM_WATER | D4: 물 | E4: Water
A5: ElmentData | B5: 3 | C5: ELEM_ICE | D5: 얼음 | E5: Ice
A6: ElmentData | B6: 4 | C6: ELEM_WIND | D6: 바람 | E6: Wind
A7: ElmentData | B7: 5 | C7: ELEM_EARTH | D7: 땅 | E7: Earth
A8: ElmentData | B8: 6 | C8: ELEM_LIGHTNING | D8: 전기 | E8: Lightning
A9: ElmentData | B9: 7 | C9: ELEM_POISON | D9: 독 | E9: Poison
A10: ElmentData | B10: 8 | C10: ELEM_SHADOW | D10: 그림자 | E10: Shadow
A11: ElmentData | B11: 9 | C11: ELEM_ENERGY | D11: 에너지 | E11: Energy
A12: ElmentData | B12: 10 | C12: ELEM_PHYSICAL | D12: 물리 | E12: Physical

Sheet AreaType
C1: 범위 모양 | D1: 반경 | E1: 각도 | F1: 너비 | G1: 길이 | H1: 모양 설명
A2: data | B2: num | C2: Area_Type | D2: Area_Param_Radius | E2: Area_Param_Angle | F2: Area_Param_Width | G2: Area_Param_Length | H2: Type_Explanation
B3: {=IF(COUNTA(C3:C1000)=0, "", _xlfn.SEQUENCE(COUNTA(C3:C1000)))}
