Workbook

Sheet Strengthentable
C1: 증강 아이디 | D1: 증강 이름 | E1: 증강 이름 영문 | F1: 증강 키 | G1: 증강 레어도 | H1: 아이콘 경로 | I1: 증강 분류 | J1: 증강 적용 대상 | K1: 수치 및 동작 파라미터 | L1: 증강 기본 설명 스트링 키 | M1: 툴팁 텍스트 키 | N1: 증강 설명
A2: data | B2: num | C2: Strengthen_id | D2: Streng_name | E2: Streng_name_eng | F2: Streng_name_key | G2: Streng_Rarity | H2: Streng_Icon | I2: Streng_Category | J2: Scaling_Target_Scope | K2: Scaling_Params | L2: Streng_Desc_Key | M2: Streng_Simple_Desc_Key | N2: Streng_explanation
A3: {=IF(C3:INDEX(C:C, 2+COUNT(C3:C1000))<>"", "StrengData", "")} -> StrengData | B3: {=IF(COUNT(C3:C1000)=0, "", _xlfn.SEQUENCE(COUNT(C3:C1000)))} -> 1 | C3: {=IF(COUNTA(D3:D1000)=0, "", _xlfn.SEQUENCE(COUNTA(D3:D1000), 1, 40001, 1))} -> 40001 | D3: 화염 심장
A4: StrengData | B4: 2 | C4: 40002 | D4: 도망자
A5: StrengData | B5: 3 | C5: 40003 | D5: 채식주의자
A6: StrengData | B6: 4 | C6: 40004 | D6: 불타버린 추방자 | G6: Fusion
A7: StrengData | B7: 5 | C7: 40005 | D7: 볼륨 업
A8: StrengData | B8: 6 | C8: 40006 | D8: 슬럼프 | G8: Curse
A9: StrengData | B9: 7 | C9: 40007 | D9: 타락 천사
A10: StrengData | B10: 8 | C10: 40008 | D10: 이인삼각
A11: StrengData | B11: 9 | C11: 40009 | D11: 강강약약

Sheet Artifacttable
C1: 유물 아이디 | D1: 유물 이름 | E1: 유물 이름 영문 | F1: 유물 키 | G1: 증강 레어도 | H1: 아이콘 경로 | I1: 유물 분류 | J1: 유물 적용 대상 | K1: 수치 및 동작 파라미터 | L1: 유물 기본 설명 스트링 키 | M1: 툴팁 텍스트 키 | N1: 유물 설명
A2: data | B2: num | C2: Artifact_id | D2: Artifact_name | E2: Artifact_name_eng | F2: Artifact_name_key | G2: Artifact_Rarity | H2: Artifact_Icon | I2: Artifact_Category | J2: Scaling_Target_Scope | K2: Scaling_Params | L2: Artifact_Desc_Key | M2: Artifact_Simple_Desc_Key | N2: Artifact_explanation
A3: {=IF(C3:INDEX(C:C, 2+COUNT(C3:C1000))<>"", "ArtifactData", "")} -> ArtifactData | B3: {=IF(COUNT(C3:C1000)=0, "", _xlfn.SEQUENCE(COUNT(C3:C1000)))} -> 1 | C3: {=IF(COUNTA(D3:D1000)=0, "", _xlfn.SEQUENCE(COUNTA(D3:D1000), 1, 50001, 1))} -> 50001 | D3: 불사조 깃털 | I3: Stat | J3: Player
A4: ArtifactData | B4: 2 | C4: 50002 | D4: 천둥새 깃털 | I4: Skill | J4: AllSkill
A5: ArtifactData | B5: 3 | C5: 50003 | D5: 저주 엔진 | I5: Trigger | J5: TaggedSkill
A6: ArtifactData | B6: 4 | C6: 50004 | D6: 토끼 머리띠 | I6: Utility | J6: Enemy
A7: ArtifactData | B7: 5 | C7: 50005 | D7: 봉황의 깃 | J7: Normal
J8: Elite
J9: Boss

Sheet Raritytable
C1: 레어도 | D1: 레어도 이름 | E1: 레어도 가중치 | F1: UI 카드/ 아이콘 테두리 리소스 키 | G1: 표시용 컬러 코드 | T1: 1 | U1: 2
A2: data | B2: num | C2: Skill_Rarity | D2: Rarity_Name | E2: Rarity_Weight | F2: Rarity_Frame_Res | G2: Rarity_Color_Hex | K2: 첫 슬롯 | M2: 기믹 | O2: 전판 == 획득한 특수 재화 | Q2: 후판으로 이식 | T2: 백신 좀비 | U2: 백신맞은 반좀비
A3: {=IF(C3:C100="","", "RarityData")} -> RarityData | B3: {=IF(COUNTA(C3:C1000)=0, "", _xlfn.SEQUENCE(COUNTA(C3:C1000)))} -> 1 | C3: Common | D3: 일반 | E3: 60 | K3: 60 | L3: *0.7 | T3: 엘리트 | U3: 보스
A4: RarityData | B4: 2 | C4: Uncommon | D4: 고급 | E4: 23 | K4: 23 | L4: *0.8
A5: RarityData | B5: 3 | C5: Rare | D5: 희귀 | E5: 11 | K5: 11 | L5: *0.9 | U5: 좀비변신
A6: RarityData | B6: 4 | C6: Epic | D6: 영웅 | E6: 4 | K6: 4 | L6: 1.2 | U6: x
A7: RarityData | B7: 5 | C7: Legendary | D7: 전설 | E7: 1.7 | I7: 0.02 | K7: 1.7 | L7: 1.5 | M7: 25 | U7: 인간
A8: RarityData | B8: 6 | C8: Mythic | D8: 신화 | E8: 0.3 | K8: 0.3 | M8: 15
A9: RarityData | B9: 7 | C9: Fusion | D9: 시너지 | E9: 0 | K9: 0
A10: RarityData | B10: 8 | C10: Curse | D10: 저주 | E10: ?

Sheet FusionStrengthentable
C1: 스킬 아이디 | D1: 스킬 이름 | E1: 재료 스킬 A 아이디 | F1: 재료 스킬 A 이름 | G1: 재료 스킬 B 아이디 | H1: 재료 스킬 B 이름
A2: data | B2: num | C2: Streng_id | D2: Streng_name | E2: Material_StrengA_id | F2: Material_StrengA | G2: Material_StrengB_id | H2: Material_StrengB
A3: {=IF(C3:INDEX(C:C, 2+COUNT(C3:C1000))<>"", "FStrengData", "")} -> FStrengData | B3: {=IF(COUNT(C3:C1000)=0, "", _xlfn.SEQUENCE(COUNT(C3:C1000)))} -> 1 | C3: =Strengthentable!C6 -> 40004 | D3: =IF(C3="","", IFERROR(VLOOKUP(C3, Strengthentable!$C$3:$D$1000, 2, FALSE), "미등록")) -> 불타버린 추방자 | E3: =Strengthentable!C3 -> 40001 | F3: =IF(E3="","", IFERROR(VLOOKUP(E3, Strengthentable!$C$3:$D$1000, 2, FALSE), "미등록")) -> 화염 심장 | G3: =Strengthentable!C4 -> 40002 | H3: =IF(G3="","", IFERROR(VLOOKUP(G3, Strengthentable!$C$3:$D$1000, 2, FALSE), "미등록")) -> 도망자

Sheet FusionArtifacttable
C1: 스킬 아이디 | D1: 스킬 이름 | E1: 재료 스킬 A 아이디 | F1: 재료 스킬 A 이름 | G1: 재료 스킬 B 아이디 | H1: 재료 스킬 B 이름
A2: data | B2: num | C2: Skill_id | D2: Skill_name | E2: Material_SkillA_id | F2: Material_SkillA | G2: Material_SkillB_id | H2: Material_SkillB
A3: {=IF(C3:INDEX(C:C, 2+COUNT(C3:C1000))<>"", "FArtifactData", "")} -> FArtifactData | B3: {=IF(COUNT(C3:C1000)=0, "", _xlfn.SEQUENCE(COUNT(C3:C1000)))} -> 1 | C3: =Artifacttable!C7 -> 50005 | D3: =IF(C3="","", IFERROR(VLOOKUP(C3, Artifacttable!$C$3:$D$1000, 2, FALSE), "미등록")) -> 봉황의 깃 | E3: =Artifacttable!C3 -> 50001 | F3: =IF(E3="","", IFERROR(VLOOKUP(E3, Artifacttable!$C$3:$D$1000, 2, FALSE), "미등록")) -> 불사조 깃털 | G3: =Artifacttable!C4 -> 50002 | H3: =IF(G3="","", IFERROR(VLOOKUP(G3, Artifacttable!$C$3:$D$1000, 2, FALSE), "미등록")) -> 천둥새 깃털

Sheet Enumtable
A1: 분류 | B1: 적용 대상
A2: Category | B2: Target_Scope
A3: Stat | B3: Player
A4: Skill | B4: AllSkill
A5: Trigger | B5: TaggedSkill
A6: Utility | B6: Enemy
B7: Normal
B8: Elite
B9: Boss
